,GROUP_SET,TEAM_ID,TEAM_NAME,GROUP_VALUE,GP,W,L,W_PCT,MIN,FGM,FGA,FG_PCT,FG3M,FG3A,FG3_PCT,FTM,FTA,FT_PCT,OREB,DREB,REB,AST,TOV,STL,BLK,BLKA,PF,PFD,PTS,PLUS_MINUS,GP_RANK,W_RANK,L_RANK,W_PCT_RANK,MIN_RANK,FGM_RANK,FGA_RANK,FG_PCT_RANK,FG3M_RANK,FG3A_RANK,FG3_PCT_RANK,FTM_RANK,FTA_RANK,FT_PCT_RANK,OREB_RANK,DREB_RANK,REB_RANK,AST_RANK,TOV_RANK,STL_RANK,BLK_RANK,BLKA_RANK,PF_RANK,PFD_RANK,PTS_RANK,PLUS_MINUS_RANK
0,Overall,1610612737,Atlanta Hawks,2012-13,82,44,38,0.537,3971.0,3084,6644,0.464,706,1901,0.371,1158,1619,0.715,758,2593,3351,2007,1219.0,664,369,350,1473,1543,8032,33.0,1,1,1,1,1,1,1,1,1,1,1,1,1,1,1,1,1,1,1,1,1,1,1,1,1,1
1,Overall,1610612737,Atlanta Hawks,2013-14,82,38,44,0.463,3966.0,3061,6688,0.458,768,2116,0.363,1392,1782,0.781,713,2565,3278,2041,1251.0,680,326,354,1577,1643,8282,-39.0,1,1,1,1,1,1,1,1,1,1,1,1,1,1,1,1,1,1,1,1,1,1,1,1,1,1
2,Overall,1610612737,Atlanta Hawks,2014-15,82,60,22,0.732,3946.0,3121,6699,0.466,818,2152,0.38,1349,1735,0.778,715,2611,3326,2111,1167.0,744,380,404,1457,1611,8409,445.0,1,1,1,1,1,1,1,1,1,1,1,1,1,1,1,1,1,1,1,1,1,1,1,1,1,1
3,Overall,1610612737,Atlanta Hawks,2015-16,82,48,34,0.585,3966.0,3168,6923,0.458,815,2326,0.35,1282,1638,0.783,679,2772,3451,2100,1226.0,747,486,411,1570,1500,8433,296.0,1,1,1,1,1,1,1,1,1,1,1,1,1,1,1,1,1,1,1,1,1,1,1,1,1,1
4,Overall,1610612737,Atlanta Hawks,2016-17,82,43,39,0.524,3976.0,3123,6918,0.451,729,2137,0.341,1484,2039,0.728,842,2793,3635,1938,1294.0,672,397,424,1491,1768,8459,-70.0,1,1,1,1,1,1,1,1,1,1,1,1,1,1,1,1,1,1,1,1,1,1,1,1,1,1
5,Overall,1610612737,Atlanta Hawks,2017-18,82,24,58,0.293,3941.0,3130,7015,0.446,917,2544,0.36,1298,1654,0.785,743,2693,3436,1946,1274.0,638,348,453,1606,1661,8475,-447.0,1,1,1,1,1,1,1,1,1,1,1,1,1,1,1,1,1,1,1,1,1,1,1,1,1,1
6,Overall,1610612737,Atlanta Hawks,2018-19,82,29,53,0.354,3971.0,3392,7524,0.451,1067,3034,0.352,1443,1918,0.752,955,2825,3780,2118,1397.0,675,419,448,1932,1817,9294,-494.0,1,1,1,1,1,1,1,1,1,1,1,1,1,1,1,1,1,1,1,1,1,1,1,1,1,1
7,Overall,1610612737,Atlanta Hawks,2019-20,67,20,47,0.299,3256.0,2723,6067,0.449,805,2416,0.333,1237,1566,0.79,661,2237,2898,1605,1086.0,523,341,428,1548,1404,7488,-534.0,1,1,1,1,1,1,1,1,1,1,1,1,1,1,1,1,1,1,1,1,1,1,1,1,1,1
8,Overall,1610612738,Boston Celtics,2012-13,81,41,40,0.506,3968.0,3001,6459,0.465,498,1390,0.358,1318,1698,0.776,654,2533,3187,1843,1181.0,667,365,378,1717,1574,7818,-18.0,1,1,1,1,1,1,1,1,1,1,1,1,1,1,1,1,1,1,1,1,1,1,1,1,1,1
9,Overall,1610612738,Boston Celtics,2013-14,82,25,57,0.305,3946.0,2996,6883,0.435,575,1729,0.333,1325,1706,0.777,980,2505,3485,1726,1261.0,584,343,373,1743,1564,7892,-366.0,1,1,1,1,1,1,1,1,1,1,1,1,1,1,1,1,1,1,1,1,1,1,1,1,1,1
10,Overall,1610612738,Boston Celtics,2014-15,82,40,42,0.488,3976.0,3193,7211,0.443,660,2021,0.327,1266,1678,0.754,910,2685,3595,2009,1133.0,674,294,431,1738,1545,8312,13.0,1,1,1,1,1,1,1,1,1,1,1,1,1,1,1,1,1,1,1,1,1,1,1,1,1,1
11,Overall,1610612738,Boston Celtics,2015-16,82,48,34,0.585,3956.0,3216,7318,0.439,717,2142,0.335,1520,1929,0.788,950,2733,3683,1981,1127.0,752,348,450,1796,1718,8669,263.0,1,1,1,1,1,1,1,1,1,1,1,1,1,1,1,1,1,1,1,1,1,1,1,1,1,1
12,Overall,1610612738,Boston Celtics,2016-17,82,53,29,0.646,3951.0,3168,6977,0.454,985,2741,0.359,1536,1903,0.807,743,2698,3441,2069,1088.0,617,340,425,1686,1664,8857,216.0,1,1,1,1,1,1,1,1,1,1,1,1,1,1,1,1,1,1,1,1,1,1,1,1,1,1
13,Overall,1610612738,Boston Celtics,2017-18,82,55,27,0.671,3961.0,3141,6975,0.45,939,2492,0.377,1308,1697,0.771,767,2878,3645,1842,1148.0,604,373,364,1618,1571,8529,294.0,1,1,1,1,1,1,1,1,1,1,1,1,1,1,1,1,1,1,1,1,1,1,1,1,1,1
14,Overall,1610612738,Boston Celtics,2018-19,82,49,33,0.598,3956.0,3451,7423,0.465,1032,2829,0.365,1282,1598,0.802,804,2849,3653,2155,1052.0,706,435,317,1670,1602,9216,364.0,1,1,1,1,1,1,1,1,1,1,1,1,1,1,1,1,1,1,1,1,1,1,1,1,1,1
15,Overall,1610612738,Boston Celtics,2019-20,64,43,21,0.672,3097.0,2634,5735,0.459,794,2190,0.363,1170,1461,0.801,683,2259,2942,1459,873.0,529,358,356,1368,1318,7232,395.0,1,1,1,1,1,1,1,1,1,1,1,1,1,1,1,1,1,1,1,1,1,1,1,1,1,1
16,Overall,1610612739,Cleveland Cavaliers,2012-13,82,24,58,0.293,3946.0,2993,6901,0.434,547,1581,0.346,1380,1826,0.756,1004,2359,3363,1694,1149.0,647,334,560,1737,1615,7913,-384.0,1,1,1,1,1,1,1,1,1,1,1,1,1,1,1,1,1,1,1,1,1,1,1,1,1,1
17,Overall,1610612739,Cleveland Cavaliers,2013-14,82,33,49,0.402,3986.0,3036,6955,0.437,584,1640,0.356,1398,1861,0.751,989,2629,3618,1738,1163.0,579,304,461,1640,1599,8054,-270.0,1,1,1,1,1,1,1,1,1,1,1,1,1,1,1,1,1,1,1,1,1,1,1,1,1,1
18,Overall,1610612739,Cleveland Cavaliers,2014-15,82,53,29,0.646,3956.0,3089,6739,0.458,826,2253,0.367,1453,1934,0.751,911,2612,3523,1814,1171.0,603,340,368,1510,1685,8457,367.0,1,1,1,1,1,1,1,1,1,1,1,1,1,1,1,1,1,1,1,1,1,1,1,1,1,1
19,Overall,1610612739,Cleveland Cavaliers,2015-16,82,57,25,0.695,3971.0,3171,6888,0.46,880,2428,0.362,1333,1783,0.748,873,2777,3650,1861,1114.0,551,317,362,1666,1690,8555,492.0,1,1,1,1,1,1,1,1,1,1,1,1,1,1,1,1,1,1,1,1,1,1,1,1,1,1
20,Overall,1610612739,Cleveland Cavaliers,2016-17,82,51,31,0.622,3976.0,3275,6963,0.47,1067,2779,0.384,1431,1913,0.748,766,2821,3587,1858,1121.0,539,327,349,1486,1690,9048,261.0,1,1,1,1,1,1,1,1,1,1,1,1,1,1,1,1,1,1,1,1,1,1,1,1,1,1
21,Overall,1610612739,Cleveland Cavaliers,2017-18,82,50,32,0.61,3946.0,3311,6950,0.476,981,2636,0.372,1488,1909,0.779,694,2761,3455,1916,1126.0,582,312,340,1524,1696,9091,77.0,1,1,1,1,1,1,1,1,1,1,1,1,1,1,1,1,1,1,1,1,1,1,1,1,1,1
22,Overall,1610612739,Cleveland Cavaliers,2018-19,82,19,63,0.232,3951.0,3189,7184,0.444,847,2388,0.355,1342,1694,0.792,879,2619,3498,1698,1106.0,534,195,459,1642,1592,8567,-788.0,1,1,1,1,1,1,1,1,1,1,1,1,1,1,1,1,1,1,1,1,1,1,1,1,1,1
23,Overall,1610612739,Cleveland Cavaliers,2019-20,65,19,46,0.292,3145.0,2619,5715,0.458,727,2070,0.351,983,1296,0.758,704,2172,2876,1500,1073.0,447,211,412,1188,1277,6948,-513.0,1,1,1,1,1,1,1,1,1,1,1,1,1,1,1,1,1,1,1,1,1,1,1,1,1,1
24,Overall,1610612740,New Orleans Hornets,2012-13,82,27,55,0.329,3956.0,2955,6589,0.448,535,1474,0.363,1269,1636,0.776,988,2426,3414,1721,1193.0,520,440,492,1673,1534,7714,-317.0,1,1,1,1,1,1,1,1,1,1,1,1,1,1,1,1,1,1,1,1,1,1,1,1,1,1
25,Overall,1610612740,New Orleans Pelicans,2013-14,82,34,48,0.415,3971.0,3101,6761,0.459,486,1303,0.373,1489,1936,0.769,933,2486,3419,1745,1129.0,647,523,504,1857,1664,8177,-222.0,1,1,1,1,1,1,1,1,1,1,1,1,1,1,1,1,1,1,1,1,1,1,1,1,1,1
26,Overall,1610612740,New Orleans Pelicans,2014-15,82,45,37,0.549,3956.0,3108,6795,0.457,586,1583,0.37,1345,1790,0.751,942,2621,3563,1806,1087.0,553,510,475,1530,1533,8147,65.0,1,1,1,1,1,1,1,1,1,1,1,1,1,1,1,1,1,1,1,1,1,1,1,1,1,1
27,Overall,1610612740,New Orleans Pelicans,2015-16,82,30,52,0.366,3956.0,3153,7040,0.448,702,1951,0.36,1415,1823,0.776,782,2712,3494,1818,1102.0,633,342,423,1713,1630,8423,-311.0,1,1,1,1,1,1,1,1,1,1,1,1,1,1,1,1,1,1,1,1,1,1,1,1,1,1
28,Overall,1610612740,New Orleans Pelicans,2016-17,82,34,48,0.415,3981.0,3210,7130,0.45,768,2196,0.35,1368,1825,0.75,703,2879,3582,1869,1054.0,638,453,348,1490,1581,8556,-172.0,1,1,1,1,1,1,1,1,1,1,1,1,1,1,1,1,1,1,1,1,1,1,1,1,1,1
29,Overall,1610612740,New Orleans Pelicans,2017-18,82,48,34,0.585,3991.0,3500,7241,0.483,837,2312,0.362,1324,1716,0.772,712,2923,3635,2195,1223.0,657,485,344,1570,1669,9161,107.0,1,1,1,1,1,1,1,1,1,1,1,1,1,1,1,1,1,1,1,1,1,1,1,1,1,1
30,Overall,1610612740,New Orleans Pelicans,2018-19,82,33,49,0.402,3951.0,3581,7563,0.473,842,2449,0.344,1462,1921,0.761,909,2969,3878,2216,1215.0,610,441,445,1732,1722,9466,-109.0,1,1,1,1,1,1,1,1,1,1,1,1,1,1,1,1,1,1,1,1,1,1,1,1,1,1
31,Overall,1610612740,New Orleans Pelicans,2019-20,64,28,36,0.438,3102.0,2729,5902,0.462,896,2409,0.372,1082,1485,0.729,719,2290,3009,1728,1038.0,486,328,309,1345,1318,7436,-53.0,1,1,1,1,1,1,1,1,1,1,1,1,1,1,1,1,1,1,1,1,1,1,1,1,1,1
32,Overall,1610612741,Chicago Bulls,2012-13,82,45,37,0.549,3966.0,2926,6698,0.437,446,1265,0.353,1343,1738,0.773,1026,2514,3540,1886,1171.0,588,417,477,1617,1609,7641,26.0,1,1,1,1,1,1,1,1,1,1,1,1,1,1,1,1,1,1,1,1,1,1,1,1,1,1
33,Overall,1610612741,Chicago Bulls,2013-14,82,48,34,0.585,3986.0,2843,6577,0.432,508,1459,0.348,1486,1908,0.779,937,2683,3620,1860,1223.0,594,424,490,1565,1714,7680,152.0,1,1,1,1,1,1,1,1,1,1,1,1,1,1,1,1,1,1,1,1,1,1,1,1,1,1
34,Overall,1610612741,Chicago Bulls,2014-15,82,50,32,0.61,3976.0,3001,6797,0.442,645,1825,0.353,1618,2067,0.783,959,2792,3751,1781,1145.0,514,476,443,1495,1736,8265,246.0,1,1,1,1,1,1,1,1,1,1,1,1,1,1,1,1,1,1,1,1,1,1,1,1,1,1
35,Overall,1610612741,Chicago Bulls,2015-16,82,42,40,0.512,3981.0,3165,7170,0.441,651,1753,0.371,1354,1720,0.787,907,2889,3796,1870,1141.0,495,470,465,1545,1535,8335,-121.0,1,1,1,1,1,1,1,1,1,1,1,1,1,1,1,1,1,1,1,1,1,1,1,1,1,1
36,Overall,1610612741,Chicago Bulls,2016-17,82,41,41,0.5,3956.0,3169,7141,0.444,623,1831,0.34,1474,1848,0.798,999,2797,3796,1851,1112.0,643,393,378,1455,1541,8435,35.0,1,1,1,1,1,1,1,1,1,1,1,1,1,1,1,1,1,1,1,1,1,1,1,1,1,1
37,Overall,1610612741,Chicago Bulls,2017-18,82,27,55,0.329,3971.0,3170,7285,0.435,906,2549,0.355,1194,1574,0.759,790,2872,3662,1923,1147.0,626,289,423,1571,1425,8440,-577.0,1,1,1,1,1,1,1,1,1,1,1,1,1,1,1,1,1,1,1,1,1,1,1,1,1,1
38,Overall,1610612741,Chicago Bulls,2018-19,82,22,60,0.268,3981.0,3266,7205,0.453,745,2123,0.351,1328,1695,0.783,718,2799,3517,1796,1159.0,603,351,473,1663,1534,8605,-690.0,1,1,1,1,1,1,1,1,1,1,1,1,1,1,1,1,1,1,1,1,1,1,1,1,1,1
39,Overall,1610612741,Chicago Bulls,2019-20,65,22,43,0.338,3135.0,2573,5762,0.447,793,2282,0.348,1006,1332,0.755,680,2041,2721,1510,1005.0,652,265,384,1417,1246,6945,-200.0,1,1,1,1,1,1,1,1,1,1,1,1,1,1,1,1,1,1,1,1,1,1,1,1,1,1
40,Overall,1610612742,Dallas Mavericks,2012-13,82,41,41,0.5,3996.0,3182,6892,0.462,606,1628,0.372,1323,1669,0.793,767,2670,3437,1906,1144.0,648,454,340,1698,1547,8293,-49.0,1,1,1,1,1,1,1,1,1,1,1,1,1,1,1,1,1,1,1,1,1,1,1,1,1,1
41,Overall,1610612742,Dallas Mavericks,2013-14,82,49,33,0.598,3966.0,3249,6858,0.474,721,1877,0.384,1378,1733,0.795,840,2514,3354,1935,1110.0,704,356,288,1636,1633,8597,197.0,1,1,1,1,1,1,1,1,1,1,1,1,1,1,1,1,1,1,1,1,1,1,1,1,1,1
42,Overall,1610612742,Dallas Mavericks,2014-15,82,50,32,0.61,3976.0,3255,7036,0.463,732,2082,0.352,1386,1843,0.752,858,2608,3466,1846,1062.0,663,371,314,1644,1816,8628,238.0,1,1,1,1,1,1,1,1,1,1,1,1,1,1,1,1,1,1,1,1,1,1,1,1,1,1
43,Overall,1610612742,Dallas Mavericks,2015-16,82,42,40,0.512,4001.0,3064,6900,0.444,806,2342,0.344,1454,1831,0.794,751,2781,3532,1813,1047.0,560,306,363,1595,1757,8388,-25.0,1,1,1,1,1,1,1,1,1,1,1,1,1,1,1,1,1,1,1,1,1,1,1,1,1,1
44,Overall,1610612742,Dallas Mavericks,2016-17,82,33,49,0.402,3956.0,2968,6750,0.44,878,2473,0.355,1215,1516,0.801,647,2516,3163,1705,972.0,614,307,280,1567,1591,8029,-240.0,1,1,1,1,1,1,1,1,1,1,1,1,1,1,1,1,1,1,1,1,1,1,1,1,1,1
45,Overall,1610612742,Dallas Mavericks,2017-18,82,24,58,0.293,3961.0,3128,7042,0.444,967,2688,0.36,1167,1530,0.763,666,2717,3383,1858,1007.0,578,310,369,1578,1604,8390,-249.0,1,1,1,1,1,1,1,1,1,1,1,1,1,1,1,1,1,1,1,1,1,1,1,1,1,1
46,Overall,1610612742,Dallas Mavericks,2018-19,82,33,49,0.402,3956.0,3182,7122,0.447,1022,3002,0.34,1541,2076,0.742,832,2884,3716,1918,1167.0,533,351,368,1650,1905,8927,-105.0,1,1,1,1,1,1,1,1,1,1,1,1,1,1,1,1,1,1,1,1,1,1,1,1,1,1
47,Overall,1610612742,Dallas Mavericks,2019-20,67,40,27,0.597,3236.0,2787,6027,0.462,1026,2779,0.369,1196,1548,0.773,712,2438,3150,1640,857.0,419,334,269,1276,1393,7796,405.0,1,1,1,1,1,1,1,1,1,1,1,1,1,1,1,1,1,1,1,1,1,1,1,1,1,1
48,Overall,1610612743,Denver Nuggets,2012-13,82,57,25,0.695,3981.0,3339,6983,0.478,521,1518,0.343,1505,2148,0.701,1092,2601,3693,2002,1253.0,762,533,554,1682,1775,8704,417.0,1,1,1,1,1,1,1,1,1,1,1,1,1,1,1,1,1,1,1,1,1,1,1,1,1,1
49,Overall,1610612743,Denver Nuggets,2013-14,82,36,46,0.439,3950.985,3147,7042,0.447,702,1959,0.358,1563,2154,0.726,1009,2717,3726,1838,1305.0,615,459,459,1890,1778,8559,-176.0,1,1,1,1,1,1,1,1,1,1,1,1,1,1,1,1,1,1,1,1,1,1,1,1,1,1
50,Overall,1610612743,Denver Nuggets,2014-15,82,30,52,0.366,3976.0,3099,7158,0.433,660,2032,0.325,1462,1991,0.734,1012,2653,3665,1788,1166.0,641,367,504,1882,1698,8320,-291.0,1,1,1,1,1,1,1,1,1,1,1,1,1,1,1,1,1,1,1,1,1,1,1,1,1,1
51,Overall,1610612743,Denver Nuggets,2015-16,82,33,49,0.402,3966.0,3093,7003,0.442,656,1943,0.338,1513,1974,0.766,941,2718,3659,1858,1202.0,609,395,517,1723,1712,8355,-254.0,1,1,1,1,1,1,1,1,1,1,1,1,1,1,1,1,1,1,1,1,1,1,1,1,1,1
52,Overall,1610612743,Denver Nuggets,2016-17,82,40,42,0.488,3951.0,3377,7194,0.469,870,2365,0.368,1537,1986,0.774,966,2837,3803,2077,1226.0,568,323,404,1567,1653,9161,42.0,1,1,1,1,1,1,1,1,1,1,1,1,1,1,1,1,1,1,1,1,1,1,1,1,1,1
53,Overall,1610612743,Denver Nuggets,2017-18,82,46,36,0.561,3976.0,3338,7102,0.47,940,2536,0.371,1404,1830,0.767,902,2748,3650,2059,1226.0,627,404,391,1533,1699,9020,121.0,1,1,1,1,1,1,1,1,1,1,1,1,1,1,1,1,1,1,1,1,1,1,1,1,1,1
54,Overall,1610612743,Denver Nuggets,2018-19,82,54,28,0.659,3946.0,3439,7384,0.466,903,2571,0.351,1294,1714,0.755,972,2832,3804,2245,1102.0,634,363,407,1644,1675,9075,324.0,1,1,1,1,1,1,1,1,1,1,1,1,1,1,1,1,1,1,1,1,1,1,1,1,1,1
55,Overall,1610612743,Denver Nuggets,2019-20,65,43,22,0.662,3150.0,2719,5778,0.471,707,1977,0.358,1031,1330,0.775,699,2179,2878,1724,890.0,529,302,292,1303,1299,7176,192.0,1,1,1,1,1,1,1,1,1,1,1,1,1,1,1,1,1,1,1,1,1,1,1,1,1,1
56,Overall,1610612744,Golden State Warriors,2012-13,82,47,35,0.573,3961.0,3130,6840,0.458,658,1632,0.403,1378,1744,0.79,885,2801,3686,1845,1236.0,567,346,399,1753,1571,8296,73.0,1,1,1,1,1,1,1,1,1,1,1,1,1,1,1,1,1,1,1,1,1,1,1,1,1,1
57,Overall,1610612744,Golden State Warriors,2013-14,82,51,31,0.622,3966.0,3236,7005,0.462,774,2037,0.38,1303,1731,0.753,896,2819,3715,1912,1247.0,642,407,342,1784,1584,8549,394.0,1,1,1,1,1,1,1,1,1,1,1,1,1,1,1,1,1,1,1,1,1,1,1,1,1,1
58,Overall,1610612744,Golden State Warriors,2014-15,82,67,15,0.817,3946.0,3410,7137,0.478,883,2217,0.398,1313,1709,0.768,853,2814,3667,2248,1185.0,762,496,293,1628,1541,9016,828.0,1,1,1,1,1,1,1,1,1,1,1,1,1,1,1,1,1,1,1,1,1,1,1,1,1,1
59,Overall,1610612744,Golden State Warriors,2015-16,82,73,9,0.89,3976.0,3489,7159,0.487,1077,2592,0.416,1366,1790,0.763,816,2972,3788,2373,1245.0,689,498,336,1701,1627,9421,882.0,1,1,1,1,1,1,1,1,1,1,1,1,1,1,1,1,1,1,1,1,1,1,1,1,1,1
60,Overall,1610612744,Golden State Warriors,2016-17,82,67,15,0.817,3956.0,3532,7140,0.495,982,2562,0.383,1457,1850,0.788,770,2873,3643,2491,1211.0,785,555,313,1585,1588,9503,954.0,1,1,1,1,1,1,1,1,1,1,1,1,1,1,1,1,1,1,1,1,1,1,1,1,1,1
61,Overall,1610612744,Golden State Warriors,2017-18,82,58,24,0.707,3946.0,3509,6979,0.503,926,2369,0.391,1360,1668,0.815,691,2877,3568,2402,1265.0,656,612,300,1607,1516,9304,490.0,1,1,1,1,1,1,1,1,1,1,1,1,1,1,1,1,1,1,1,1,1,1,1,1,1,1
62,Overall,1610612744,Golden State Warriors,2018-19,82,57,25,0.695,3961.0,3612,7361,0.491,1087,2824,0.385,1339,1672,0.801,797,2990,3787,2413,1169.0,625,525,295,1757,1601,9650,530.0,1,1,1,1,1,1,1,1,1,1,1,1,1,1,1,1,1,1,1,1,1,1,1,1,1,1
63,Overall,1610612744,Golden State Warriors,2019-20,65,15,50,0.231,3145.0,2510,5730,0.438,678,2032,0.334,1214,1511,0.803,647,2138,2785,1663,969.0,534,299,321,1304,1308,6912,-566.0,1,1,1,1,1,1,1,1,1,1,1,1,1,1,1,1,1,1,1,1,1,1,1,1,1,1
64,Overall,1610612745,Houston Rockets,2012-13,82,45,37,0.549,3956.0,3124,6782,0.461,867,2369,0.366,1573,2087,0.754,909,2652,3561,1902,1348.0,679,359,498,1662,1674,8688,285.0,1,1,1,1,1,1,1,1,1,1,1,1,1,1,1,1,1,1,1,1,1,1,1,1,1,1
65,Overall,1610612745,Houston Rockets,2013-14,82,54,28,0.659,3966.0,3118,6603,0.472,779,2179,0.358,1814,2549,0.712,920,2797,3717,1755,1323.0,621,461,460,1676,1993,8829,374.0,1,1,1,1,1,1,1,1,1,1,1,1,1,1,1,1,1,1,1,1,1,1,1,1,1,1
66,Overall,1610612745,Houston Rockets,2014-15,82,56,26,0.683,3961.0,3032,6832,0.444,933,2680,0.348,1525,2133,0.715,958,2624,3582,1820,1366.0,777,407,437,1803,1730,8522,282.0,1,1,1,1,1,1,1,1,1,1,1,1,1,1,1,1,1,1,1,1,1,1,1,1,1,1
67,Overall,1610612745,Houston Rockets,2015-16,82,41,41,0.5,3966.0,3094,6847,0.452,878,2533,0.347,1671,2407,0.694,930,2601,3531,1821,1307.0,821,430,404,1790,1847,8737,16.0,1,1,1,1,1,1,1,1,1,1,1,1,1,1,1,1,1,1,1,1,1,1,1,1,1,1
68,Overall,1610612745,Houston Rockets,2016-17,82,55,27,0.671,3956.0,3305,7152,0.462,1181,3306,0.357,1667,2177,0.766,892,2746,3638,2070,1240.0,670,352,409,1634,1674,9458,473.0,1,1,1,1,1,1,1,1,1,1,1,1,1,1,1,1,1,1,1,1,1,1,1,1,1,1
69,Overall,1610612745,Houston Rockets,2017-18,82,65,17,0.793,3951.0,3174,6906,0.46,1256,3470,0.362,1609,2061,0.781,739,2825,3564,1767,1135.0,699,392,363,1597,1670,9213,695.0,1,1,1,1,1,1,1,1,1,1,1,1,1,1,1,1,1,1,1,1,1,1,1,1,1,1
70,Overall,1610612745,Houston Rockets,2018-19,82,53,29,0.646,3966.0,3218,7163,0.449,1323,3721,0.356,1582,2001,0.791,836,2613,3449,1741,1094.0,700,405,369,1803,1640,9341,391.0,1,1,1,1,1,1,1,1,1,1,1,1,1,1,1,1,1,1,1,1,1,1,1,1,1,1
71,Overall,1610612745,Houston Rockets,2019-20,64,40,24,0.625,3087.0,2632,5803,0.454,986,2832,0.348,1310,1664,0.787,663,2212,2875,1375,939.0,541,329,315,1382,1329,7560,240.0,1,1,1,1,1,1,1,1,1,1,1,1,1,1,1,1,1,1,1,1,1,1,1,1,1,1
72,Overall,1610612746,Los Angeles Clippers,2012-13,82,56,26,0.683,3946.0,3160,6608,0.478,627,1752,0.358,1342,1888,0.711,938,2475,3413,1958,1197.0,784,461,335,1716,1712,8289,529.0,1,1,1,1,1,1,1,1,1,1,1,1,1,1,1,1,1,1,1,1,1,1,1,1,1,1
73,Overall,1610612746,Los Angeles Clippers,2013-14,82,57,25,0.695,3951.0,3208,6761,0.474,693,1966,0.352,1741,2384,0.73,858,2668,3526,2016,1136.0,703,397,284,1767,1919,8850,572.0,1,1,1,1,1,1,1,1,1,1,1,1,1,1,1,1,1,1,1,1,1,1,1,1,1,1
74,Overall,1610612746,Los Angeles Clippers,2014-15,82,56,26,0.683,3946.0,3228,6830,0.473,827,2202,0.376,1468,2067,0.71,784,2711,3495,2031,1012.0,640,409,245,1749,1766,8751,540.0,1,1,1,1,1,1,1,1,1,1,1,1,1,1,1,1,1,1,1,1,1,1,1,1,1,1
75,Overall,1610612746,LA Clippers,2015-16,82,53,29,0.646,3966.0,3141,6759,0.465,797,2190,0.364,1490,2152,0.692,721,2727,3448,1873,1063.0,709,460,259,1746,1842,8569,351.0,1,1,1,1,1,1,1,1,1,1,1,1,1,1,1,1,1,1,1,1,1,1,1,1,1,1
76,Overall,1610612746,LA Clippers,2016-17,82,51,31,0.622,3951.0,3242,6820,0.475,841,2245,0.375,1586,2128,0.745,738,2790,3528,1848,1062.0,612,347,258,1626,1835,8911,352.0,1,1,1,1,1,1,1,1,1,1,1,1,1,1,1,1,1,1,1,1,1,1,1,1,1,1
77,Overall,1610612746,LA Clippers,2017-18,82,42,40,0.512,3941.0,3302,7004,0.471,777,2196,0.354,1556,2095,0.743,832,2766,3598,1832,1204.0,628,372,462,1638,1803,8937,3.0,1,1,1,1,1,1,1,1,1,1,1,1,1,1,1,1,1,1,1,1,1,1,1,1,1,1
78,Overall,1610612746,LA Clippers,2018-19,82,48,34,0.585,3966.0,3384,7178,0.471,821,2118,0.388,1853,2340,0.792,796,2936,3732,1970,1193.0,561,385,498,1913,1969,9442,70.0,1,1,1,1,1,1,1,1,1,1,1,1,1,1,1,1,1,1,1,1,1,1,1,1,1,1
79,Overall,1610612746,LA Clippers,2019-20,64,44,20,0.688,3087.0,2664,5739,0.464,778,2123,0.366,1330,1679,0.792,701,2368,3069,1526,946.0,456,318,314,1411,1460,7436,417.0,1,1,1,1,1,1,1,1,1,1,1,1,1,1,1,1,1,1,1,1,1,1,1,1,1,1
80,Overall,1610612747,Los Angeles Lakers,2012-13,82,45,37,0.549,3951.0,3041,6640,0.458,715,2015,0.355,1584,2289,0.692,942,2732,3674,1818,1232.0,576,429,396,1467,1891,8381,95.0,1,1,1,1,1,1,1,1,1,1,1,1,1,1,1,1,1,1,1,1,1,1,1,1,1,1
81,Overall,1610612747,Los Angeles Lakers,2013-14,82,27,55,0.329,3941.0,3139,6980,0.45,774,2032,0.381,1390,1835,0.757,745,2620,3365,2006,1239.0,611,446,387,1627,1580,8442,-516.0,1,1,1,1,1,1,1,1,1,1,1,1,1,1,1,1,1,1,1,1,1,1,1,1,1,1
82,Overall,1610612747,Los Angeles Lakers,2014-15,82,21,61,0.256,3986.0,3054,7020,0.435,532,1546,0.344,1433,1935,0.741,952,2647,3599,1715,1086.0,578,366,396,1741,1589,8073,-561.0,1,1,1,1,1,1,1,1,1,1,1,1,1,1,1,1,1,1,1,1,1,1,1,1,1,1
83,Overall,1610612747,Los Angeles Lakers,2015-16,82,17,65,0.207,3946.0,2880,6956,0.414,639,2016,0.317,1583,2028,0.781,878,2645,3523,1478,1124.0,593,337,458,1662,1573,7982,-784.0,1,1,1,1,1,1,1,1,1,1,1,1,1,1,1,1,1,1,1,1,1,1,1,1,1,1
84,Overall,1610612747,Los Angeles Lakers,2016-17,82,26,56,0.317,3941.0,3224,7164,0.45,730,2110,0.346,1397,1853,0.754,933,2636,3569,1716,1243.0,674,320,440,1698,1520,8575,-564.0,1,1,1,1,1,1,1,1,1,1,1,1,1,1,1,1,1,1,1,1,1,1,1,1,1,1
85,Overall,1610612747,Los Angeles Lakers,2017-18,82,35,47,0.427,3981.0,3338,7248,0.461,822,2384,0.345,1364,1910,0.714,876,2927,3803,1949,1295.0,633,388,447,1736,1679,8862,-127.0,1,1,1,1,1,1,1,1,1,1,1,1,1,1,1,1,1,1,1,1,1,1,1,1,1,1
86,Overall,1610612747,Los Angeles Lakers,2018-19,82,37,45,0.451,3956.0,3491,7425,0.47,847,2541,0.333,1336,1910,0.699,835,2985,3820,2096,1284.0,618,440,421,1701,1706,9165,-141.0,1,1,1,1,1,1,1,1,1,1,1,1,1,1,1,1,1,1,1,1,1,1,1,1,1,1
87,Overall,1610612747,Los Angeles Lakers,2019-20,63,49,14,0.778,3034.0,2704,5579,0.485,703,1981,0.355,1092,1496,0.73,668,2239,2907,1630,951.0,541,430,235,1299,1350,7203,467.0,1,1,1,1,1,1,1,1,1,1,1,1,1,1,1,1,1,1,1,1,1,1,1,1,1,1
88,Overall,1610612748,Miami Heat,2012-13,82,66,16,0.805,3976.0,3148,6348,0.496,717,1809,0.396,1423,1887,0.754,676,2490,3166,1890,1143.0,710,441,262,1533,1673,8436,645.0,1,1,1,1,1,1,1,1,1,1,1,1,1,1,1,1,1,1,1,1,1,1,1,1,1,1
89,Overall,1610612748,Miami Heat,2013-14,82,54,28,0.659,3976.0,3142,6272,0.501,665,1829,0.364,1431,1884,0.76,627,2397,3024,1847,1212.0,732,367,256,1596,1675,8380,390.0,1,1,1,1,1,1,1,1,1,1,1,1,1,1,1,1,1,1,1,1,1,1,1,1,1,1
90,Overall,1610612748,Miami Heat,2014-15,82,37,45,0.451,3946.0,2885,6330,0.456,556,1659,0.335,1438,1940,0.741,747,2461,3208,1626,1214.0,642,372,359,1636,1715,7764,-213.0,1,1,1,1,1,1,1,1,1,1,1,1,1,1,1,1,1,1,1,1,1,1,1,1,1,1
91,Overall,1610612748,Miami Heat,2015-16,82,48,34,0.585,3966.0,3150,6697,0.47,498,1480,0.336,1406,1889,0.744,807,2811,3618,1709,1155.0,553,531,337,1502,1608,8204,135.0,1,1,1,1,1,1,1,1,1,1,1,1,1,1,1,1,1,1,1,1,1,1,1,1,1,1
92,Overall,1610612748,Miami Heat,2016-17,82,41,41,0.5,3956.0,3202,7037,0.455,808,2213,0.365,1248,1768,0.706,872,2705,3577,1742,1102.0,588,469,398,1680,1530,8460,87.0,1,1,1,1,1,1,1,1,1,1,1,1,1,1,1,1,1,1,1,1,1,1,1,1,1,1
93,Overall,1610612748,Miami Heat,2017-18,82,44,38,0.537,3986.0,3184,6997,0.455,903,2506,0.36,1209,1601,0.755,763,2801,3564,1862,1178.0,620,437,378,1648,1587,8480,39.0,1,1,1,1,1,1,1,1,1,1,1,1,1,1,1,1,1,1,1,1,1,1,1,1,1,1
94,Overall,1610612748,Miami Heat,2018-19,82,39,43,0.476,3946.0,3251,7218,0.45,928,2658,0.349,1238,1782,0.695,921,2879,3800,1991,1208.0,627,448,389,1712,1652,8668,-19.0,1,1,1,1,1,1,1,1,1,1,1,1,1,1,1,1,1,1,1,1,1,1,1,1,1,1
95,Overall,1610612748,Miami Heat,2019-20,65,41,24,0.631,3165.0,2576,5486,0.47,868,2265,0.383,1270,1633,0.778,552,2343,2895,1689,968.0,480,291,275,1323,1400,7290,210.0,1,1,1,1,1,1,1,1,1,1,1,1,1,1,1,1,1,1,1,1,1,1,1,1,1,1
96,Overall,1610612749,Milwaukee Bucks,2012-13,82,38,44,0.463,3966.0,3128,7197,0.435,601,1670,0.36,1251,1700,0.736,1068,2537,3605,1876,1156.0,685,550,362,1554,1567,8108,-123.0,1,1,1,1,1,1,1,1,1,1,1,1,1,1,1,1,1,1,1,1,1,1,1,1,1,1
97,Overall,1610612749,Milwaukee Bucks,2013-14,82,15,67,0.183,3976.0,2952,6737,0.438,548,1553,0.353,1377,1843,0.747,971,2399,3370,1760,1238.0,541,403,413,1713,1690,7829,-671.0,1,1,1,1,1,1,1,1,1,1,1,1,1,1,1,1,1,1,1,1,1,1,1,1,1,1
98,Overall,1610612749,Milwaukee Bucks,2014-15,82,41,41,0.5,3986.0,3083,6722,0.459,545,1500,0.363,1312,1734,0.757,876,2574,3450,1932,1373.0,789,403,392,1814,1649,8023,35.0,1,1,1,1,1,1,1,1,1,1,1,1,1,1,1,1,1,1,1,1,1,1,1,1,1,1
99,Overall,1610612749,Milwaukee Bucks,2015-16,82,33,49,0.402,3966.0,3145,6740,0.467,440,1277,0.345,1392,1863,0.747,858,2559,3417,1895,1247.0,672,475,462,1695,1600,8122,-343.0,1,1,1,1,1,1,1,1,1,1,1,1,1,1,1,1,1,1,1,1,1,1,1,1,1,1
100,Overall,1610612749,Milwaukee Bucks,2016-17,82,42,40,0.512,3956.0,3182,6715,0.474,720,1946,0.37,1413,1839,0.768,723,2589,3312,1984,1145.0,666,436,375,1660,1579,8497,-15.0,1,1,1,1,1,1,1,1,1,1,1,1,1,1,1,1,1,1,1,1,1,1,1,1,1,1
101,Overall,1610612749,Milwaukee Bucks,2017-18,82,44,38,0.537,3966.0,3257,6807,0.478,718,2024,0.355,1499,1915,0.783,688,2579,3267,1905,1135.0,722,443,366,1752,1633,8731,-25.0,1,1,1,1,1,1,1,1,1,1,1,1,1,1,1,1,1,1,1,1,1,1,1,1,1,1
102,Overall,1610612749,Milwaukee Bucks,2018-19,82,60,22,0.732,3956.0,3555,7471,0.476,1105,3134,0.353,1471,1904,0.773,762,3316,4078,2136,1137.0,615,486,395,1608,1653,9686,727.0,1,1,1,1,1,1,1,1,1,1,1,1,1,1,1,1,1,1,1,1,1,1,1,1,1,1
103,Overall,1610612749,Milwaukee Bucks,2019-20,65,53,12,0.815,3130.0,2830,5928,0.477,893,2510,0.356,1159,1562,0.742,617,2745,3362,1685,969.0,480,390,297,1247,1386,7712,734.0,1,1,1,1,1,1,1,1,1,1,1,1,1,1,1,1,1,1,1,1,1,1,1,1,1,1
104,Overall,1610612750,Minnesota Timberwolves,2012-13,82,31,51,0.378,3946.0,2943,6702,0.439,450,1475,0.305,1515,2042,0.742,973,2473,3446,1836,1214.0,700,387,481,1509,1847,7851,-194.0,1,1,1,1,1,1,1,1,1,1,1,1,1,1,1,1,1,1,1,1,1,1,1,1,1,1
105,Overall,1610612750,Minnesota Timberwolves,2013-14,82,40,42,0.488,3971.0,3189,7175,0.444,600,1757,0.341,1790,2301,0.778,1024,2644,3668,1963,1142.0,718,297,457,1504,1936,8768,219.0,1,1,1,1,1,1,1,1,1,1,1,1,1,1,1,1,1,1,1,1,1,1,1,1,1,1
106,Overall,1610612750,Minnesota Timberwolves,2014-15,82,16,66,0.195,3961.0,2986,6820,0.438,406,1223,0.332,1638,2110,0.776,949,2406,3355,1771,1231.0,668,327,449,1571,1751,8016,-721.0,1,1,1,1,1,1,1,1,1,1,1,1,1,1,1,1,1,1,1,1,1,1,1,1,1,1
107,Overall,1610612750,Minnesota Timberwolves,2015-16,82,29,53,0.354,3976.0,3095,6668,0.464,455,1347,0.338,1753,2213,0.792,821,2587,3408,1916,1231.0,656,375,427,1696,1768,8398,-290.0,1,1,1,1,1,1,1,1,1,1,1,1,1,1,1,1,1,1,1,1,1,1,1,1,1,1
108,Overall,1610612750,Minnesota Timberwolves,2016-17,82,31,51,0.378,3961.0,3235,6922,0.467,601,1723,0.349,1586,1986,0.799,938,2540,3478,1940,1150.0,654,370,413,1646,1681,8657,-91.0,1,1,1,1,1,1,1,1,1,1,1,1,1,1,1,1,1,1,1,1,1,1,1,1,1,1
109,Overall,1610612750,Minnesota Timberwolves,2017-18,82,47,35,0.573,3961.0,3365,7063,0.476,658,1845,0.357,1592,1980,0.804,848,2593,3441,1861,1021.0,689,345,382,1495,1710,8980,183.0,1,1,1,1,1,1,1,1,1,1,1,1,1,1,1,1,1,1,1,1,1,1,1,1,1,1
110,Overall,1610612750,Minnesota Timberwolves,2018-19,82,36,46,0.439,3966.0,3413,7483,0.456,827,2357,0.351,1570,1995,0.787,923,2750,3673,2018,1074.0,683,411,455,1664,1795,9223,-123.0,1,1,1,1,1,1,1,1,1,1,1,1,1,1,1,1,1,1,1,1,1,1,1,1,1,1
111,Overall,1610612750,Minnesota Timberwolves,2019-20,64,19,45,0.297,3112.0,2586,5865,0.441,853,2540,0.336,1223,1624,0.753,675,2193,2868,1525,981.0,555,362,355,1370,1383,7248,-275.0,1,1,1,1,1,1,1,1,1,1,1,1,1,1,1,1,1,1,1,1,1,1,1,1,1,1
112,Overall,1610612751,Brooklyn Nets,2012-13,82,49,33,0.598,3971.0,2942,6544,0.45,628,1760,0.357,1432,1958,0.731,1047,2460,3507,1668,1206.0,599,391,390,1500,1751,7944,146.0,1,1,1,1,1,1,1,1,1,1,1,1,1,1,1,1,1,1,1,1,1,1,1,1,1,1
113,Overall,1610612751,Brooklyn Nets,2013-14,82,44,38,0.537,3976.0,2931,6391,0.459,709,1922,0.369,1508,2002,0.753,721,2407,3128,1714,1191.0,705,311,337,1777,1704,8079,-82.0,1,1,1,1,1,1,1,1,1,1,1,1,1,1,1,1,1,1,1,1,1,1,1,1,1,1
114,Overall,1610612751,Brooklyn Nets,2014-15,82,38,44,0.463,3986.0,3069,6804,0.451,541,1633,0.331,1359,1817,0.748,846,2627,3473,1716,1133.0,576,340,372,1579,1641,8038,-236.0,1,1,1,1,1,1,1,1,1,1,1,1,1,1,1,1,1,1,1,1,1,1,1,1,1,1
115,Overall,1610612751,Brooklyn Nets,2015-16,82,21,61,0.256,3951.0,3136,6920,0.453,531,1508,0.352,1286,1699,0.757,863,2614,3477,1829,1212.0,627,332,430,1476,1510,8089,-603.0,1,1,1,1,1,1,1,1,1,1,1,1,1,1,1,1,1,1,1,1,1,1,1,1,1,1
116,Overall,1610612751,Brooklyn Nets,2016-17,82,20,62,0.244,3951.0,3102,6987,0.444,877,2591,0.338,1592,2020,0.788,721,2879,3600,1756,1356.0,593,387,457,1726,1671,8673,-552.0,1,1,1,1,1,1,1,1,1,1,1,1,1,1,1,1,1,1,1,1,1,1,1,1,1,1
117,Overall,1610612751,Brooklyn Nets,2017-18,82,28,54,0.341,3971.0,3136,7114,0.441,1041,2924,0.356,1428,1850,0.772,792,2852,3644,1941,1245.0,512,390,450,1688,1615,8741,-307.0,1,1,1,1,1,1,1,1,1,1,1,1,1,1,1,1,1,1,1,1,1,1,1,1,1,1
118,Overall,1610612751,Brooklyn Nets,2018-19,82,42,40,0.512,3996.0,3301,7358,0.449,1047,2965,0.353,1555,2088,0.745,900,2919,3819,1954,1236.0,539,339,432,1763,1807,9204,-6.0,1,1,1,1,1,1,1,1,1,1,1,1,1,1,1,1,1,1,1,1,1,1,1,1,1,1
119,Overall,1610612751,Brooklyn Nets,2019-20,64,30,34,0.469,3112.0,2558,5763,0.444,824,2423,0.34,1149,1545,0.744,694,2409,3103,1539,993.0,413,292,342,1322,1335,7089,-41.0,1,1,1,1,1,1,1,1,1,1,1,1,1,1,1,1,1,1,1,1,1,1,1,1,1,1
120,Overall,1610612752,New York Knicks,2012-13,82,54,28,0.659,3946.0,2996,6689,0.448,891,2371,0.376,1313,1729,0.759,890,2436,3326,1579,988.0,672,294,327,1650,1576,8196,347.0,1,1,1,1,1,1,1,1,1,1,1,1,1,1,1,1,1,1,1,1,1,1,1,1,1,1
121,Overall,1610612752,New York Knicks,2013-14,82,37,45,0.451,3971.0,3027,6739,0.449,759,2038,0.372,1271,1670,0.761,870,2437,3307,1641,1063.0,631,367,277,1815,1611,8084,-65.0,1,1,1,1,1,1,1,1,1,1,1,1,1,1,1,1,1,1,1,1,1,1,1,1,1,1
122,Overall,1610612752,New York Knicks,2014-15,82,17,65,0.207,3971.0,2882,6726,0.428,560,1614,0.347,1211,1575,0.769,867,2443,3310,1746,1206.0,575,382,353,1768,1564,7535,-764.0,1,1,1,1,1,1,1,1,1,1,1,1,1,1,1,1,1,1,1,1,1,1,1,1,1,1
123,Overall,1610612752,New York Knicks,2015-16,82,32,50,0.39,3961.0,3022,6886,0.439,610,1762,0.346,1411,1753,0.805,850,2788,3638,1682,1099.0,467,466,343,1616,1520,8065,-224.0,1,1,1,1,1,1,1,1,1,1,1,1,1,1,1,1,1,1,1,1,1,1,1,1,1,1
124,Overall,1610612752,New York Knicks,2016-17,82,31,51,0.378,3971.0,3244,7256,0.447,704,2022,0.348,1364,1731,0.788,983,2723,3706,1786,1139.0,581,455,377,1668,1516,8556,-301.0,1,1,1,1,1,1,1,1,1,1,1,1,1,1,1,1,1,1,1,1,1,1,1,1,1,1
125,Overall,1610612752,New York Knicks,2017-18,82,29,53,0.354,3966.0,3334,7193,0.464,673,1914,0.352,1225,1557,0.787,859,2752,3611,1912,1208.0,552,421,389,1682,1509,8566,-292.0,1,1,1,1,1,1,1,1,1,1,1,1,1,1,1,1,1,1,1,1,1,1,1,1,1,1
126,Overall,1610612752,New York Knicks,2018-19,82,17,65,0.207,3956.0,3134,7241,0.433,823,2421,0.34,1484,1956,0.759,857,2811,3668,1646,1151.0,557,422,458,1713,1708,8575,-755.0,1,1,1,1,1,1,1,1,1,1,1,1,1,1,1,1,1,1,1,1,1,1,1,1,1,1
127,Overall,1610612752,New York Knicks,2019-20,66,21,45,0.318,3193.0,2638,5896,0.447,631,1872,0.337,1076,1550,0.694,795,2274,3069,1456,946.0,504,313,333,1464,1305,6983,-426.0,1,1,1,1,1,1,1,1,1,1,1,1,1,1,1,1,1,1,1,1,1,1,1,1,1,1
128,Overall,1610612753,Orlando Magic,2012-13,82,20,62,0.244,3956.0,3093,6904,0.448,506,1537,0.329,1026,1359,0.755,890,2612,3502,1871,1191.0,528,358,430,1591,1353,7718,-573.0,1,1,1,1,1,1,1,1,1,1,1,1,1,1,1,1,1,1,1,1,1,1,1,1,1,1
129,Overall,1610612753,Orlando Magic,2013-14,82,23,59,0.28,3991.0,3022,6784,0.445,563,1596,0.353,1307,1714,0.763,794,2654,3448,1726,1222.0,630,350,445,1678,1500,7914,-446.0,1,1,1,1,1,1,1,1,1,1,1,1,1,1,1,1,1,1,1,1,1,1,1,1,1,1
130,Overall,1610612753,Orlando Magic,2014-15,82,25,57,0.305,3951.0,3076,6792,0.453,554,1598,0.347,1141,1565,0.729,822,2607,3429,1692,1221.0,647,314,441,1714,1467,7847,-469.0,1,1,1,1,1,1,1,1,1,1,1,1,1,1,1,1,1,1,1,1,1,1,1,1,1,1
131,Overall,1610612753,Orlando Magic,2015-16,82,35,47,0.427,3981.0,3242,7120,0.455,636,1818,0.35,1249,1649,0.757,843,2709,3552,1933,1155.0,673,417,448,1701,1497,8369,-133.0,1,1,1,1,1,1,1,1,1,1,1,1,1,1,1,1,1,1,1,1,1,1,1,1,1,1
132,Overall,1610612753,Orlando Magic,2016-17,82,29,53,0.354,3961.0,3139,7133,0.44,701,2139,0.328,1309,1753,0.747,807,2734,3541,1820,1091.0,580,396,419,1584,1532,8288,-539.0,1,1,1,1,1,1,1,1,1,1,1,1,1,1,1,1,1,1,1,1,1,1,1,1,1,1
133,Overall,1610612753,Orlando Magic,2017-18,82,25,57,0.305,3946.0,3182,7042,0.452,844,2405,0.351,1271,1678,0.757,722,2692,3414,1921,1192.0,622,400,402,1579,1556,8479,-395.0,1,1,1,1,1,1,1,1,1,1,1,1,1,1,1,1,1,1,1,1,1,1,1,1,1,1
134,Overall,1610612753,Orlando Magic,2018-19,82,42,40,0.512,3956.0,3316,7307,0.454,937,2633,0.356,1231,1575,0.782,822,2902,3724,2095,1082.0,543,445,362,1526,1537,8800,58.0,1,1,1,1,1,1,1,1,1,1,1,1,1,1,1,1,1,1,1,1,1,1,1,1,1,1
135,Overall,1610612753,Orlando Magic,2019-20,65,30,35,0.462,3125.0,2550,5773,0.442,710,2080,0.341,1104,1434,0.77,674,2220,2894,1559,820.0,543,372,312,1145,1248,6914,-63.0,1,1,1,1,1,1,1,1,1,1,1,1,1,1,1,1,1,1,1,1,1,1,1,1,1,1
136,Overall,1610612754,Indiana Pacers,2012-13,81,49,32,0.605,3918.0,2845,6525,0.436,555,1599,0.347,1429,1915,0.746,1043,2671,3714,1645,1227.0,580,513,459,1623,1777,7674,326.0,1,1,1,1,1,1,1,1,1,1,1,1,1,1,1,1,1,1,1,1,1,1,1,1,1,1
137,Overall,1610612754,Indiana Pacers,2013-14,82,56,26,0.683,3956.0,2949,6573,0.449,550,1542,0.357,1485,1907,0.779,834,2831,3665,1651,1237.0,550,446,378,1675,1793,7933,361.0,1,1,1,1,1,1,1,1,1,1,1,1,1,1,1,1,1,1,1,1,1,1,1,1,1,1
138,Overall,1610612754,Indiana Pacers,2014-15,82,38,44,0.463,3971.0,2998,6824,0.439,612,1740,0.352,1373,1817,0.756,856,2822,3678,1757,1147.0,505,375,386,1742,1754,7981,23.0,1,1,1,1,1,1,1,1,1,1,1,1,1,1,1,1,1,1,1,1,1,1,1,1,1,1
139,Overall,1610612754,Indiana Pacers,2015-16,82,45,37,0.549,3976.0,3142,6985,0.45,663,1889,0.351,1430,1872,0.764,847,2779,3626,1741,1219.0,742,391,366,1641,1676,8377,140.0,1,1,1,1,1,1,1,1,1,1,1,1,1,1,1,1,1,1,1,1,1,1,1,1,1,1
140,Overall,1610612754,Indiana Pacers,2016-17,82,42,40,0.512,3971.0,3221,6931,0.465,709,1885,0.376,1467,1811,0.81,742,2702,3444,1844,1130.0,669,409,407,1597,1599,8618,-18.0,1,1,1,1,1,1,1,1,1,1,1,1,1,1,1,1,1,1,1,1,1,1,1,1,1,1
141,Overall,1610612754,Indiana Pacers,2017-18,82,48,34,0.585,3951.0,3345,7083,0.472,741,2010,0.369,1225,1573,0.779,788,2684,3472,1819,1088.0,721,340,428,1544,1514,8656,113.0,1,1,1,1,1,1,1,1,1,1,1,1,1,1,1,1,1,1,1,1,1,1,1,1,1,1
142,Overall,1610612754,Indiana Pacers,2018-19,82,48,34,0.585,3941.0,3390,7135,0.475,779,2081,0.374,1298,1727,0.752,762,2766,3528,2128,1122.0,713,404,425,1594,1642,8857,273.0,1,1,1,1,1,1,1,1,1,1,1,1,1,1,1,1,1,1,1,1,1,1,1,1,1,1
143,Overall,1610612754,Indiana Pacers,2019-20,65,39,26,0.6,3140.0,2740,5744,0.477,648,1787,0.363,979,1244,0.787,573,2211,2784,1686,853.0,470,334,291,1274,1211,7107,126.0,1,1,1,1,1,1,1,1,1,1,1,1,1,1,1,1,1,1,1,1,1,1,1,1,1,1
144,Overall,1610612755,Philadelphia 76ers,2012-13,82,34,48,0.415,3951.0,3059,6895,0.444,518,1438,0.36,1004,1377,0.729,896,2493,3389,1867,1070.0,609,384,396,1505,1331,7640,-274.0,1,1,1,1,1,1,1,1,1,1,1,1,1,1,1,1,1,1,1,1,1,1,1,1,1,1
145,Overall,1610612755,Philadelphia 76ers,2013-14,82,19,63,0.232,3970.985,3108,7150,0.435,577,1847,0.312,1362,1918,0.71,949,2556,3505,1791,1384.0,765,330,558,1844,1686,8155,-857.0,1,1,1,1,1,1,1,1,1,1,1,1,1,1,1,1,1,1,1,1,1,1,1,1,1,1
146,Overall,1610612755,Philadelphia 76ers,2014-15,82,18,64,0.22,3961.0,2765,6777,0.408,692,2160,0.32,1320,1953,0.676,978,2536,3514,1683,1453.0,789,487,454,1778,1657,7542,-736.0,1,1,1,1,1,1,1,1,1,1,1,1,1,1,1,1,1,1,1,1,1,1,1,1,1,1
147,Overall,1610612755,Philadelphia 76ers,2015-16,82,10,72,0.122,3961.0,2970,6887,0.431,764,2255,0.339,1284,1850,0.694,777,2605,3382,1765,1343.0,680,495,466,1780,1571,7988,-839.0,1,1,1,1,1,1,1,1,1,1,1,1,1,1,1,1,1,1,1,1,1,1,1,1,1,1
148,Overall,1610612755,Philadelphia 76ers,2016-17,82,28,54,0.341,3966.0,3088,6992,0.442,831,2443,0.34,1393,1806,0.771,807,2706,3513,1949,1366.0,692,420,446,1793,1610,8400,-467.0,1,1,1,1,1,1,1,1,1,1,1,1,1,1,1,1,1,1,1,1,1,1,1,1,1,1
149,Overall,1610612755,Philadelphia 76ers,2017-18,82,52,30,0.634,3956.0,3349,7098,0.472,901,2445,0.369,1405,1868,0.752,893,2996,3889,2221,1353.0,682,420,417,1811,1670,9004,369.0,1,1,1,1,1,1,1,1,1,1,1,1,1,1,1,1,1,1,1,1,1,1,1,1,1,1
150,Overall,1610612755,Philadelphia 76ers,2018-19,82,51,31,0.622,3961.0,3407,7233,0.471,889,2474,0.359,1742,2258,0.771,892,3025,3917,2207,1223.0,606,432,336,1745,1816,9445,221.0,1,1,1,1,1,1,1,1,1,1,1,1,1,1,1,1,1,1,1,1,1,1,1,1,1,1
151,Overall,1610612755,Philadelphia 76ers,2019-20,65,39,26,0.6,3135.0,2651,5701,0.465,742,2052,0.362,1079,1435,0.752,673,2282,2955,1682,923.0,531,349,251,1342,1320,7123,144.0,1,1,1,1,1,1,1,1,1,1,1,1,1,1,1,1,1,1,1,1,1,1,1,1,1,1
152,Overall,1610612756,Phoenix Suns,2012-13,82,25,57,0.305,3961.0,3061,6917,0.443,480,1455,0.33,1203,1618,0.744,959,2454,3413,1855,1278.0,659,434,421,1688,1511,7805,-530.0,1,1,1,1,1,1,1,1,1,1,1,1,1,1,1,1,1,1,1,1,1,1,1,1,1,1
153,Overall,1610612756,Phoenix Suns,2013-14,82,48,34,0.585,3951.0,3172,6845,0.463,765,2055,0.372,1520,2004,0.758,928,2601,3529,1563,1258.0,688,374,332,1798,1749,8629,216.0,1,1,1,1,1,1,1,1,1,1,1,1,1,1,1,1,1,1,1,1,1,1,1,1,1,1
154,Overall,1610612756,Phoenix Suns,2014-15,82,39,43,0.476,3976.0,3178,7038,0.452,698,2048,0.341,1343,1767,0.76,896,2643,3539,1659,1238.0,700,385,337,1744,1664,8397,-74.0,1,1,1,1,1,1,1,1,1,1,1,1,1,1,1,1,1,1,1,1,1,1,1,1,1,1
155,Overall,1610612756,Phoenix Suns,2015-16,82,23,59,0.28,3941.0,3051,7018,0.435,738,2118,0.348,1431,1905,0.751,943,2733,3676,1701,1410.0,632,313,449,1858,1770,8271,-546.0,1,1,1,1,1,1,1,1,1,1,1,1,1,1,1,1,1,1,1,1,1,1,1,1,1,1
156,Overall,1610612756,Phoenix Suns,2016-17,82,24,58,0.293,3966.0,3270,7260,0.45,615,1854,0.332,1676,2159,0.776,976,2712,3688,1604,1265.0,673,399,435,2030,1822,8831,-462.0,1,1,1,1,1,1,1,1,1,1,1,1,1,1,1,1,1,1,1,1,1,1,1,1,1,1
157,Overall,1610612756,Phoenix Suns,2017-18,82,21,61,0.256,3941.0,3153,7141,0.442,763,2286,0.334,1453,1962,0.741,842,2776,3618,1743,1289.0,569,370,488,1807,1715,8522,-768.0,1,1,1,1,1,1,1,1,1,1,1,1,1,1,1,1,1,1,1,1,1,1,1,1,1,1
158,Overall,1610612756,Phoenix Suns,2018-19,82,19,63,0.232,3976.0,3289,7164,0.459,790,2400,0.329,1447,1858,0.779,748,2563,3311,1957,1279.0,735,418,411,1932,1694,8815,-766.0,1,1,1,1,1,1,1,1,1,1,1,1,1,1,1,1,1,1,1,1,1,1,1,1,1,1
159,Overall,1610612756,Phoenix Suns,2019-20,65,26,39,0.4,3135.0,2650,5709,0.464,727,2061,0.353,1289,1560,0.826,637,2163,2800,1766,980.0,507,261,367,1439,1485,7316,-89.0,1,1,1,1,1,1,1,1,1,1,1,1,1,1,1,1,1,1,1,1,1,1,1,1,1,1
160,Overall,1610612757,Portland Trail Blazers,2012-13,82,33,49,0.402,3971.0,3009,6715,0.448,673,1904,0.353,1304,1680,0.776,874,2474,3348,1784,1203.0,538,353,359,1518,1537,7995,-260.0,1,1,1,1,1,1,1,1,1,1,1,1,1,1,1,1,1,1,1,1,1,1,1,1,1,1
161,Overall,1610612757,Portland Trail Blazers,2013-14,82,54,28,0.659,3971.0,3207,7134,0.45,770,2071,0.372,1569,1926,0.815,1022,2786,3808,1904,1125.0,454,387,304,1576,1698,8753,327.0,1,1,1,1,1,1,1,1,1,1,1,1,1,1,1,1,1,1,1,1,1,1,1,1,1,1
162,Overall,1610612757,Portland Trail Blazers,2014-15,82,51,31,0.622,3971.0,3175,7049,0.45,807,2231,0.362,1272,1589,0.801,879,2881,3760,1799,1117.0,525,372,297,1494,1534,8429,347.0,1,1,1,1,1,1,1,1,1,1,1,1,1,1,1,1,1,1,1,1,1,1,1,1,1,1
163,Overall,1610612757,Portland Trail Blazers,2015-16,82,44,38,0.537,3961.0,3167,7040,0.45,864,2336,0.37,1424,1889,0.754,948,2782,3730,1748,1200.0,562,380,424,1782,1597,8622,68.0,1,1,1,1,1,1,1,1,1,1,1,1,1,1,1,1,1,1,1,1,1,1,1,1,1,1
164,Overall,1610612757,Portland Trail Blazers,2016-17,82,41,41,0.5,3986.0,3243,7059,0.459,852,2272,0.375,1513,1940,0.78,830,2750,3580,1733,1126.0,574,408,431,1736,1624,8851,-43.0,1,1,1,1,1,1,1,1,1,1,1,1,1,1,1,1,1,1,1,1,1,1,1,1,1,1
165,Overall,1610612757,Portland Trail Blazers,2017-18,82,49,33,0.598,3951.0,3222,7132,0.452,845,2308,0.366,1372,1715,0.8,835,2893,3728,1599,1109.0,573,423,418,1599,1564,8661,213.0,1,1,1,1,1,1,1,1,1,1,1,1,1,1,1,1,1,1,1,1,1,1,1,1,1,1
166,Overall,1610612757,Portland Trail Blazers,2018-19,82,53,29,0.646,3971.0,3470,7427,0.467,904,2520,0.359,1558,1914,0.814,967,2968,3935,1887,1135.0,546,413,420,1669,1699,9402,344.0,1,1,1,1,1,1,1,1,1,1,1,1,1,1,1,1,1,1,1,1,1,1,1,1,1,1
167,Overall,1610612757,Portland Trail Blazers,2019-20,66,29,37,0.439,3178.0,2763,5998,0.461,829,2228,0.372,1145,1434,0.798,666,2335,3001,1333,858.0,401,411,331,1412,1302,7500,-106.0,1,1,1,1,1,1,1,1,1,1,1,1,1,1,1,1,1,1,1,1,1,1,1,1,1,1
168,Overall,1610612758,Sacramento Kings,2012-13,82,28,54,0.341,3966.0,3086,6904,0.447,610,1681,0.363,1437,1869,0.769,943,2385,3328,1708,1199.0,671,342,517,1717,1636,8219,-400.0,1,1,1,1,1,1,1,1,1,1,1,1,1,1,1,1,1,1,1,1,1,1,1,1,1,1
169,Overall,1610612758,Sacramento Kings,2013-14,82,28,54,0.341,3966.0,3026,6766,0.447,491,1475,0.333,1698,2237,0.759,990,2656,3646,1547,1249.0,587,318,459,1849,1897,8241,-238.0,1,1,1,1,1,1,1,1,1,1,1,1,1,1,1,1,1,1,1,1,1,1,1,1,1,1
170,Overall,1610612758,Sacramento Kings,2014-15,82,29,53,0.354,3971.0,3010,6617,0.455,461,1350,0.341,1829,2400,0.762,895,2728,3623,1667,1333.0,550,324,508,1696,1958,8310,-304.0,1,1,1,1,1,1,1,1,1,1,1,1,1,1,1,1,1,1,1,1,1,1,1,1,1,1
171,Overall,1610612758,Sacramento Kings,2015-16,82,33,49,0.402,3961.0,3283,7083,0.464,660,1839,0.359,1514,2089,0.725,868,2760,3628,2009,1326.0,733,368,437,1676,1800,8740,-203.0,1,1,1,1,1,1,1,1,1,1,1,1,1,1,1,1,1,1,1,1,1,1,1,1,1,1
172,Overall,1610612758,Sacramento Kings,2016-17,82,32,50,0.39,3976.0,3105,6734,0.461,737,1960,0.376,1483,1913,0.775,715,2652,3367,1844,1201.0,627,324,420,1667,1646,8430,-318.0,1,1,1,1,1,1,1,1,1,1,1,1,1,1,1,1,1,1,1,1,1,1,1,1,1,1
173,Overall,1610612758,Sacramento Kings,2017-18,82,27,55,0.329,3951.0,3179,7063,0.45,738,1967,0.375,1008,1371,0.735,776,2578,3354,1768,1125.0,643,340,389,1639,1422,8104,-573.0,1,1,1,1,1,1,1,1,1,1,1,1,1,1,1,1,1,1,1,1,1,1,1,1,1,1
174,Overall,1610612758,Sacramento Kings,2018-19,82,39,43,0.476,3946.0,3541,7637,0.464,927,2455,0.378,1354,1865,0.726,906,2819,3725,2083,1095.0,679,363,420,1751,1753,9363,-92.0,1,1,1,1,1,1,1,1,1,1,1,1,1,1,1,1,1,1,1,1,1,1,1,1,1,1
175,Overall,1610612758,Sacramento Kings,2019-20,64,28,36,0.438,3102.0,2583,5622,0.459,808,2219,0.364,1001,1302,0.769,616,2104,2720,1497,922.0,488,271,278,1400,1238,6975,-123.0,1,1,1,1,1,1,1,1,1,1,1,1,1,1,1,1,1,1,1,1,1,1,1,1,1,1
176,Overall,1610612759,San Antonio Spurs,2012-13,82,58,24,0.707,3976.0,3210,6675,0.481,663,1764,0.376,1365,1725,0.791,666,2721,3387,2058,1206.0,695,446,405,1427,1565,8448,525.0,1,1,1,1,1,1,1,1,1,1,1,1,1,1,1,1,1,1,1,1,1,1,1,1,1,1
177,Overall,1610612759,San Antonio Spurs,2013-14,82,62,20,0.756,3951.0,3326,6844,0.486,698,1757,0.397,1289,1642,0.785,762,2786,3548,2064,1180.0,604,420,379,1495,1585,8639,633.0,1,1,1,1,1,1,1,1,1,1,1,1,1,1,1,1,1,1,1,1,1,1,1,1,1,1
178,Overall,1610612759,San Antonio Spurs,2014-15,82,55,27,0.671,3991.0,3208,6854,0.468,677,1847,0.367,1368,1754,0.78,806,2772,3578,2000,1146.0,657,444,362,1564,1613,8461,508.0,1,1,1,1,1,1,1,1,1,1,1,1,1,1,1,1,1,1,1,1,1,1,1,1,1,1
179,Overall,1610612759,San Antonio Spurs,2015-16,82,67,15,0.817,3941.0,3289,6797,0.484,570,1518,0.375,1342,1672,0.803,770,2831,3601,2010,1071.0,677,485,317,1433,1597,8490,872.0,1,1,1,1,1,1,1,1,1,1,1,1,1,1,1,1,1,1,1,1,1,1,1,1,1,1
180,Overall,1610612759,San Antonio Spurs,2016-17,82,61,21,0.744,3961.0,3222,6864,0.469,753,1927,0.391,1440,1806,0.797,821,2777,3598,1954,1101.0,655,484,333,1498,1623,8637,590.0,1,1,1,1,1,1,1,1,1,1,1,1,1,1,1,1,1,1,1,1,1,1,1,1,1,1
181,Overall,1610612759,San Antonio Spurs,2017-18,82,47,35,0.573,3946.0,3202,6999,0.457,696,1977,0.352,1324,1715,0.772,849,2777,3626,1868,1078.0,628,460,318,1408,1619,8424,237.0,1,1,1,1,1,1,1,1,1,1,1,1,1,1,1,1,1,1,1,1,1,1,1,1,1,1
182,Overall,1610612759,San Antonio Spurs,2018-19,82,48,34,0.585,3961.0,3468,7248,0.478,812,2071,0.392,1408,1720,0.819,757,2910,3667,2013,992.0,501,386,332,1487,1611,9156,138.0,1,1,1,1,1,1,1,1,1,1,1,1,1,1,1,1,1,1,1,1,1,1,1,1,1,1
183,Overall,1610612759,San Antonio Spurs,2019-20,63,27,36,0.429,3059.0,2649,5638,0.47,671,1809,0.371,1160,1434,0.809,555,2244,2799,1546,773.0,454,345,275,1212,1239,7129,-111.0,1,1,1,1,1,1,1,1,1,1,1,1,1,1,1,1,1,1,1,1,1,1,1,1,1,1
184,Overall,1610612760,Oklahoma City Thunder,2012-13,82,60,22,0.732,3966.0,3126,6504,0.481,598,1588,0.377,1819,2196,0.828,854,2725,3579,1753,1253.0,679,624,322,1654,1698,8669,755.0,1,1,1,1,1,1,1,1,1,1,1,1,1,1,1,1,1,1,1,1,1,1,1,1,1,1
185,Overall,1610612760,Oklahoma City Thunder,2013-14,82,59,23,0.72,3961.0,3194,6782,0.471,664,1839,0.361,1653,2052,0.806,887,2781,3668,1794,1256.0,678,501,296,1858,1672,8705,520.0,1,1,1,1,1,1,1,1,1,1,1,1,1,1,1,1,1,1,1,1,1,1,1,1,1,1
186,Overall,1610612760,Oklahoma City Thunder,2014-15,82,45,37,0.549,3966.0,3184,7119,0.447,632,1864,0.339,1524,2020,0.754,1052,2844,3896,1681,1205.0,598,454,377,1829,1675,8524,179.0,1,1,1,1,1,1,1,1,1,1,1,1,1,1,1,1,1,1,1,1,1,1,1,1,1,1
187,Overall,1610612760,Oklahoma City Thunder,2015-16,82,55,27,0.671,3966.0,3372,7082,0.476,678,1945,0.349,1616,2067,0.782,1071,2916,3987,1883,1305.0,603,487,373,1691,1653,9038,597.0,1,1,1,1,1,1,1,1,1,1,1,1,1,1,1,1,1,1,1,1,1,1,1,1,1,1
188,Overall,1610612760,Oklahoma City Thunder,2016-17,82,47,35,0.573,3961.0,3237,7169,0.452,692,2116,0.327,1575,2113,0.745,1002,2821,3823,1721,1230.0,648,408,450,1715,1697,8741,62.0,1,1,1,1,1,1,1,1,1,1,1,1,1,1,1,1,1,1,1,1,1,1,1,1,1,1
189,Overall,1610612760,Oklahoma City Thunder,2017-18,82,48,34,0.585,3966.0,3271,7221,0.453,881,2491,0.354,1421,1985,0.716,1024,2671,3695,1750,1147.0,743,412,377,1653,1750,8844,280.0,1,1,1,1,1,1,1,1,1,1,1,1,1,1,1,1,1,1,1,1,1,1,1,1,1,1
190,Overall,1610612760,Oklahoma City Thunder,2018-19,82,49,33,0.598,3971.0,3497,7706,0.454,932,2677,0.348,1461,2049,0.713,1031,2911,3942,1917,1145.0,766,425,415,1839,1844,9387,279.0,1,1,1,1,1,1,1,1,1,1,1,1,1,1,1,1,1,1,1,1,1,1,1,1,1,1
191,Overall,1610612760,Oklahoma City Thunder,2019-20,64,40,24,0.625,3092.0,2578,5447,0.473,666,1878,0.355,1267,1589,0.797,517,2213,2730,1400,861.0,487,321,262,1205,1462,7089,157.0,1,1,1,1,1,1,1,1,1,1,1,1,1,1,1,1,1,1,1,1,1,1,1,1,1,1
192,Overall,1610612761,Toronto Raptors,2012-13,82,34,48,0.415,3996.0,2979,6685,0.446,571,1665,0.343,1442,1831,0.788,871,2426,3297,1765,1124.0,595,392,387,1836,1650,7971,-121.0,1,1,1,1,1,1,1,1,1,1,1,1,1,1,1,1,1,1,1,1,1,1,1,1,1,1
193,Overall,1610612761,Toronto Raptors,2013-14,82,48,34,0.585,3991.0,2992,6718,0.445,713,1917,0.372,1608,2055,0.782,935,2552,3487,1737,1159.0,577,343,352,1882,1815,8305,266.0,1,1,1,1,1,1,1,1,1,1,1,1,1,1,1,1,1,1,1,1,1,1,1,1,1,1
194,Overall,1610612761,Toronto Raptors,2014-15,82,49,33,0.598,3971.0,3108,6829,0.455,726,2060,0.352,1585,2014,0.787,881,2526,3407,1701,1057.0,615,357,413,1712,1668,8527,252.0,1,1,1,1,1,1,1,1,1,1,1,1,1,1,1,1,1,1,1,1,1,1,1,1,1,1
195,Overall,1610612761,Toronto Raptors,2015-16,82,56,26,0.683,3956.0,3006,6669,0.451,708,1915,0.37,1702,2190,0.777,836,2724,3560,1536,1073.0,636,449,442,1610,1801,8422,369.0,1,1,1,1,1,1,1,1,1,1,1,1,1,1,1,1,1,1,1,1,1,1,1,1,1,1
196,Overall,1610612761,Toronto Raptors,2016-17,82,51,31,0.622,3956.0,3211,6918,0.464,725,1996,0.363,1615,2028,0.796,871,2676,3547,1517,1041.0,677,400,392,1708,1666,8762,345.0,1,1,1,1,1,1,1,1,1,1,1,1,1,1,1,1,1,1,1,1,1,1,1,1,1,1
197,Overall,1610612761,Toronto Raptors,2017-18,82,59,23,0.72,3966.0,3383,7169,0.472,968,2705,0.358,1422,1790,0.794,800,2807,3607,1995,1095.0,626,500,401,1783,1633,9156,638.0,1,1,1,1,1,1,1,1,1,1,1,1,1,1,1,1,1,1,1,1,1,1,1,1,1,1
198,Overall,1610612761,Toronto Raptors,2018-19,82,58,24,0.707,3976.0,3460,7305,0.474,1015,2771,0.366,1449,1803,0.804,786,2920,3706,2085,1150.0,680,437,368,1724,1683,9384,499.0,1,1,1,1,1,1,1,1,1,1,1,1,1,1,1,1,1,1,1,1,1,1,1,1,1,1
199,Overall,1610612761,Toronto Raptors,2019-20,64,46,18,0.719,3092.0,2596,5665,0.458,880,2369,0.371,1159,1448,0.8,618,2275,2893,1624,924.0,565,316,339,1376,1277,7231,413.0,1,1,1,1,1,1,1,1,1,1,1,1,1,1,1,1,1,1,1,1,1,1,1,1,1,1
200,Overall,1610612762,Utah Jazz,2012-13,82,43,39,0.524,3976.0,3046,6710,0.454,507,1385,0.366,1439,1883,0.764,989,2457,3446,1859,1210.0,690,515,480,1750,1670,8038,-7.0,1,1,1,1,1,1,1,1,1,1,1,1,1,1,1,1,1,1,1,1,1,1,1,1,1,1
201,Overall,1610612762,Utah Jazz,2013-14,82,25,57,0.305,3956.0,2951,6652,0.444,543,1577,0.344,1346,1803,0.747,904,2477,3381,1664,1200.0,570,366,401,1699,1673,7791,-588.0,1,1,1,1,1,1,1,1,1,1,1,1,1,1,1,1,1,1,1,1,1,1,1,1,1,1
202,Overall,1610612762,Utah Jazz,2014-15,82,38,44,0.463,3941.0,2900,6492,0.447,610,1781,0.343,1391,1929,0.721,988,2617,3605,1632,1256.0,623,489,382,1583,1604,7801,18.0,1,1,1,1,1,1,1,1,1,1,1,1,1,1,1,1,1,1,1,1,1,1,1,1,1,1
203,Overall,1610612762,Utah Jazz,2015-16,82,40,42,0.488,3991.0,2957,6593,0.449,694,1956,0.355,1402,1885,0.744,880,2665,3545,1554,1224.0,631,425,385,1655,1629,8010,147.0,1,1,1,1,1,1,1,1,1,1,1,1,1,1,1,1,1,1,1,1,1,1,1,1,1,1
204,Overall,1610612762,Utah Jazz,2016-17,82,51,31,0.622,3951.0,3033,6515,0.466,791,2128,0.372,1401,1875,0.747,771,2774,3545,1651,1118.0,550,410,312,1545,1655,8258,323.0,1,1,1,1,1,1,1,1,1,1,1,1,1,1,1,1,1,1,1,1,1,1,1,1,1,1
205,Overall,1610612762,Utah Jazz,2017-18,82,48,34,0.585,3951.0,3139,6797,0.462,887,2425,0.366,1375,1766,0.779,740,2807,3547,1839,1205.0,708,420,380,1608,1683,8540,353.0,1,1,1,1,1,1,1,1,1,1,1,1,1,1,1,1,1,1,1,1,1,1,1,1,1,1
206,Overall,1610612762,Utah Jazz,2018-19,82,50,32,0.61,3951.0,3314,7082,0.468,993,2789,0.356,1540,2092,0.736,820,2981,3801,2133,1240.0,663,483,376,1728,1835,9161,431.0,1,1,1,1,1,1,1,1,1,1,1,1,1,1,1,1,1,1,1,1,1,1,1,1,1,1
207,Overall,1610612762,Utah Jazz,2019-20,64,41,23,0.641,3077.0,2569,5413,0.475,843,2200,0.383,1125,1457,0.772,566,2320,2886,1419,954.0,377,256,292,1281,1318,7106,203.0,1,1,1,1,1,1,1,1,1,1,1,1,1,1,1,1,1,1,1,1,1,1,1,1,1,1
208,Overall,1610612763,Memphis Grizzlies,2012-13,82,56,26,0.683,3961.0,2964,6679,0.444,382,1107,0.345,1349,1746,0.773,1059,2445,3504,1715,1144.0,703,436,450,1660,1643,7659,340.0,1,1,1,1,1,1,1,1,1,1,1,1,1,1,1,1,1,1,1,1,1,1,1,1,1,1
209,Overall,1610612763,Memphis Grizzlies,2013-14,82,50,32,0.61,3961.0,3122,6723,0.464,405,1147,0.353,1235,1666,0.741,950,2526,3476,1792,1124.0,631,375,410,1568,1553,7884,129.0,1,1,1,1,1,1,1,1,1,1,1,1,1,1,1,1,1,1,1,1,1,1,1,1,1,1
210,Overall,1610612763,Memphis Grizzlies,2014-15,82,55,27,0.671,3981.0,3097,6763,0.458,423,1246,0.339,1445,1869,0.773,856,2634,3490,1777,1094.0,700,347,424,1567,1662,8062,266.0,1,1,1,1,1,1,1,1,1,1,1,1,1,1,1,1,1,1,1,1,1,1,1,1,1,1
211,Overall,1610612763,Memphis Grizzlies,2015-16,82,42,40,0.512,3966.0,3019,6859,0.44,504,1521,0.331,1584,2024,0.783,916,2497,3413,1697,1090.0,724,350,469,1783,1732,8126,-184.0,1,1,1,1,1,1,1,1,1,1,1,1,1,1,1,1,1,1,1,1,1,1,1,1,1,1
212,Overall,1610612763,Memphis Grizzlies,2016-17,82,43,39,0.524,3981.0,2984,6854,0.435,767,2169,0.354,1504,1918,0.784,886,2621,3507,1744,1059.0,653,344,410,1840,1708,8239,40.0,1,1,1,1,1,1,1,1,1,1,1,1,1,1,1,1,1,1,1,1,1,1,1,1,1,1
213,Overall,1610612763,Memphis Grizzlies,2017-18,82,22,60,0.268,3941.0,3013,6788,0.444,758,2152,0.352,1361,1732,0.786,779,2544,3323,1767,1227.0,613,396,421,1900,1674,8145,-509.0,1,1,1,1,1,1,1,1,1,1,1,1,1,1,1,1,1,1,1,1,1,1,1,1,1,1
214,Overall,1610612763,Memphis Grizzlies,2018-19,82,33,49,0.402,3976.0,3113,6924,0.45,811,2368,0.342,1453,1882,0.772,723,2703,3426,1963,1147.0,684,448,402,1801,1758,8490,-213.0,1,1,1,1,1,1,1,1,1,1,1,1,1,1,1,1,1,1,1,1,1,1,1,1,1,1
215,Overall,1610612763,Memphis Grizzlies,2019-20,65,32,33,0.492,3125.0,2779,5913,0.47,710,2019,0.352,1053,1384,0.761,679,2357,3036,1757,992.0,520,363,347,1354,1283,7321,-70.0,1,1,1,1,1,1,1,1,1,1,1,1,1,1,1,1,1,1,1,1,1,1,1,1,1,1
216,Overall,1610612764,Washington Wizards,2012-13,82,29,53,0.354,3971.0,2910,6693,0.435,545,1495,0.365,1279,1746,0.733,887,2652,3539,1775,1238.0,598,376,358,1681,1569,7644,-208.0,1,1,1,1,1,1,1,1,1,1,1,1,1,1,1,1,1,1,1,1,1,1,1,1,1,1
217,Overall,1610612764,Washington Wizards,2013-14,82,44,38,0.537,4011.0,3177,6920,0.459,647,1704,0.38,1253,1715,0.731,886,2573,3459,1909,1204.0,668,377,320,1675,1600,8254,104.0,1,1,1,1,1,1,1,1,1,1,1,1,1,1,1,1,1,1,1,1,1,1,1,1,1,1
218,Overall,1610612764,Washington Wizards,2014-15,82,46,36,0.561,3991.0,3139,6790,0.462,497,1381,0.36,1305,1758,0.742,862,2801,3663,1969,1233.0,601,378,350,1707,1610,8080,59.0,1,1,1,1,1,1,1,1,1,1,1,1,1,1,1,1,1,1,1,1,1,1,1,1,1,1
219,Overall,1610612764,Washington Wizards,2015-16,82,41,41,0.5,3951.0,3238,7033,0.46,709,1983,0.358,1349,1849,0.73,743,2688,3431,2005,1186.0,708,323,356,1708,1651,8534,-41.0,1,1,1,1,1,1,1,1,1,1,1,1,1,1,1,1,1,1,1,1,1,1,1,1,1,1
220,Overall,1610612764,Washington Wizards,2016-17,82,49,33,0.598,3971.0,3388,7137,0.475,756,2030,0.372,1421,1812,0.784,843,2671,3514,1956,1162.0,693,336,377,1745,1621,8953,148.0,1,1,1,1,1,1,1,1,1,1,1,1,1,1,1,1,1,1,1,1,1,1,1,1,1,1
221,Overall,1610612764,Washington Wizards,2017-18,82,43,39,0.524,3971.0,3275,7018,0.467,814,2173,0.375,1378,1786,0.772,823,2713,3536,2065,1196.0,645,353,383,1746,1639,8742,48.0,1,1,1,1,1,1,1,1,1,1,1,1,1,1,1,1,1,1,1,1,1,1,1,1,1,1
222,Overall,1610612764,Washington Wizards,2018-19,82,32,50,0.39,3986.0,3456,7387,0.468,930,2731,0.341,1508,1963,0.768,794,2679,3473,2154,1154.0,683,379,378,1701,1741,9350,-238.0,1,1,1,1,1,1,1,1,1,1,1,1,1,1,1,1,1,1,1,1,1,1,1,1,1,1
223,Overall,1610612764,Washington Wizards,2019-20,64,24,40,0.375,3087.0,2682,5821,0.461,788,2117,0.372,1247,1584,0.787,644,2024,2668,1621,900.0,519,273,323,1445,1435,7399,-259.0,1,1,1,1,1,1,1,1,1,1,1,1,1,1,1,1,1,1,1,1,1,1,1,1,1,1
224,Overall,1610612765,Detroit Pistons,2012-13,82,29,53,0.354,3961.0,2979,6638,0.449,513,1440,0.356,1307,1870,0.699,991,2463,3454,1742,1241.0,574,400,472,1623,1630,7778,-327.0,1,1,1,1,1,1,1,1,1,1,1,1,1,1,1,1,1,1,1,1,1,1,1,1,1,1
225,Overall,1610612765,Detroit Pistons,2013-14,82,29,53,0.354,3956.0,3182,7124,0.447,507,1580,0.321,1415,2111,0.67,1196,2525,3721,1714,1193.0,687,395,403,1666,1699,8286,-300.0,1,1,1,1,1,1,1,1,1,1,1,1,1,1,1,1,1,1,1,1,1,1,1,1,1,1
226,Overall,1610612765,Detroit Pistons,2014-15,82,32,50,0.39,3966.0,3041,7038,0.432,703,2043,0.344,1292,1838,0.703,1051,2630,3681,1771,1099.0,623,383,391,1559,1584,8077,-82.0,1,1,1,1,1,1,1,1,1,1,1,1,1,1,1,1,1,1,1,1,1,1,1,1,1,1
227,Overall,1610612765,Detroit Pistons,2015-16,82,44,38,0.537,3976.0,3111,7087,0.439,740,2148,0.345,1399,2095,0.668,1021,2777,3798,1594,1110.0,573,304,366,1557,1773,8361,50.0,1,1,1,1,1,1,1,1,1,1,1,1,1,1,1,1,1,1,1,1,1,1,1,1,1,1
228,Overall,1610612765,Detroit Pistons,2016-17,82,37,45,0.451,3961.0,3269,7282,0.449,631,1915,0.33,1140,1586,0.719,908,2838,3746,1732,973.0,574,310,339,1467,1434,8309,-92.0,1,1,1,1,1,1,1,1,1,1,1,1,1,1,1,1,1,1,1,1,1,1,1,1,1,1
229,Overall,1610612765,Detroit Pistons,2017-18,82,39,43,0.476,3961.0,3208,7129,0.45,886,2373,0.373,1207,1621,0.745,830,2756,3586,1868,1102.0,628,317,398,1508,1511,8509,-12.0,1,1,1,1,1,1,1,1,1,1,1,1,1,1,1,1,1,1,1,1,1,1,1,1,1,1
230,Overall,1610612765,Detroit Pistons,2018-19,82,41,41,0.5,3971.0,3185,7238,0.44,993,2854,0.348,1415,1893,0.747,936,2752,3688,1845,1135.0,569,331,419,1811,1748,8778,-20.0,1,1,1,1,1,1,1,1,1,1,1,1,1,1,1,1,1,1,1,1,1,1,1,1,1,1
231,Overall,1610612765,Detroit Pistons,2019-20,66,20,46,0.303,3193.0,2595,5658,0.459,791,2157,0.367,1097,1476,0.743,644,2109,2753,1589,1008.0,490,299,369,1299,1308,7078,-235.0,1,1,1,1,1,1,1,1,1,1,1,1,1,1,1,1,1,1,1,1,1,1,1,1,1,1
232,Overall,1610612766,Charlotte Bobcats,2012-13,82,21,61,0.256,3961.0,2823,6649,0.425,469,1399,0.335,1546,2060,0.75,917,2389,3306,1587,1153.0,591,479,565,1561,1746,7661,-757.0,1,1,1,1,1,1,1,1,1,1,1,1,1,1,1,1,1,1,1,1,1,1,1,1,1,1
233,Overall,1610612766,Charlotte Bobcats,2013-14,82,43,39,0.524,3981.0,2976,6730,0.442,516,1471,0.351,1474,2000,0.737,776,2724,3500,1778,1010.0,499,421,415,1493,1716,7942,-18.0,1,1,1,1,1,1,1,1,1,1,1,1,1,1,1,1,1,1,1,1,1,1,1,1,1,1
234,Overall,1610612766,Charlotte Hornets,2014-15,82,33,49,0.402,3981.0,2913,6932,0.42,498,1566,0.318,1397,1867,0.748,820,2793,3613,1654,976.0,499,448,440,1494,1708,7721,-260.0,1,1,1,1,1,1,1,1,1,1,1,1,1,1,1,1,1,1,1,1,1,1,1,1,1,1
235,Overall,1610612766,Charlotte Hornets,2015-16,82,48,34,0.585,3971.0,3036,6922,0.439,873,2410,0.362,1534,1941,0.79,734,2869,3603,1778,1029.0,595,438,448,1487,1670,8479,223.0,1,1,1,1,1,1,1,1,1,1,1,1,1,1,1,1,1,1,1,1,1,1,1,1,1,1
236,Overall,1610612766,Charlotte Hornets,2016-17,82,36,46,0.439,3966.0,3093,7000,0.442,824,2347,0.351,1591,1953,0.815,721,2853,3574,1891,942.0,571,390,450,1360,1631,8601,16.0,1,1,1,1,1,1,1,1,1,1,1,1,1,1,1,1,1,1,1,1,1,1,1,1,1,1
237,Overall,1610612766,Charlotte Hornets,2017-18,82,36,46,0.439,3956.0,3197,7106,0.45,824,2233,0.369,1656,2216,0.747,827,2901,3728,1770,1041.0,559,373,404,1409,1839,8874,21.0,1,1,1,1,1,1,1,1,1,1,1,1,1,1,1,1,1,1,1,1,1,1,1,1,1,1
238,Overall,1610612766,Charlotte Hornets,2018-19,82,39,43,0.476,3966.0,3297,7362,0.448,977,2783,0.351,1510,1895,0.797,814,2778,3592,1905,1001.0,591,405,492,1550,1686,9081,-90.0,1,1,1,1,1,1,1,1,1,1,1,1,1,1,1,1,1,1,1,1,1,1,1,1,1,1
239,Overall,1610612766,Charlotte Hornets,2019-20,65,23,42,0.354,3150.0,2425,5586,0.434,785,2231,0.352,1052,1406,0.748,715,2066,2781,1549,949.0,428,268,328,1223,1337,6687,-439.0,1,1,1,1,1,1,1,1,1,1,1,1,1,1,1,1,1,1,1,1,1,1,1,1,1,1
